supplier_id,supplier_name,contact_number,supplier_email,address
1,Melton Inc,001-852-558-7223,fischerann@johnson.net,"584 Watkins Fords, Joyhaven, PR 42471"
2,Williams Inc,4076182210,snunez@richard.com,"117 Mills Meadow Apt. 609, North Karenport, WA 59521"
3,Warner-Murray,(724)278-4144,simpsonjennifer@anderson-garcia.com,"2813 Christine Mount, Austinbury, FL 70282"
4,Decker-Simpson,4137001980,kirbybryan@steele.org,"743 Mcbride Street Suite 225, Sarahchester, NJ 06333"
5,Mcpherson Inc,463-985-9534x150,shermantroy@williams.org,"0971 Cassandra Island Suite 249, Port Joseville, CT 75541"
6,Bartlett-Smith,+1-941-259-0267x85058,tiffanyproctor@salinas.com,"9019 Matthew Estate Suite 662, Port Jonathan, LA 61194"
7,Clements-Johnson,(928)897-9177x8360,samuelknight@archer.com,"2969 Bridget Road Suite 632, Jacksonmouth, MS 30568"
8,"Harper, Johnson and Simmons",8574186041,davisjody@atkinson.com,"27937 Bethany Heights, Tiffanychester, TX 37416"
9,Williams Group,5987537836,theresa29@martin.com,"66872 Neil Harbor Apt. 791, Hillburgh, OR 55038"
10,"Hill, Boyer and Moore",757.405.2876x269,kellerfrancisco@erickson.biz,"4809 Johnson Plains, Bakerburgh, SC 72397"
11,Martinez and Sons,299.604.8088,lindahoward@jones-doyle.com,"14763 Rachel Cliff Apt. 363, Garciafort, PW 94980"
12,Moore Group,523-619-6953,david23@wade.com,"4384 Young Manors, Port Megan, MS 23232"
13,"Randall, Taylor and Mora",(756)422-6971x82297,smithmichael@collins-williams.biz,"48808 Gabriel Path, West Alexandrachester, MO 11793"
14,Castro PLC,(430)369-4571,nathan49@casey.biz,"21423 Cynthia Bypass, Port Megan, GU 19511"
15,"Bray, Harris and Mccall",6939242441,brianna44@castillo.net,"61910 Tyler Estate Apt. 342, Johnsontown, VI 93841"
16,Spencer Ltd,984-629-2570,harold87@murray.com,"32736 Patricia Hills Apt. 450, Walkermouth, VA 86521"
17,Saunders-Johnson,430.860.2848,angelahickman@escobar-jones.com,"29781 Marsh Underpass Apt. 008, North Eric, DE 47190"
18,Lynch-Odonnell,001-613-600-3320x678,hamiltondennis@johnson.com,"7539 Terry Mall, East Courtney, AR 36133"
19,Nixon PLC,+1-901-766-5181x304,cervanteskevin@arnold.com,"547 Adams Wells Apt. 225, Christianton, VT 99497"
20,"Summers, Ramsey and Thompson",412-363-8329x327,ymartinez@holland.info,"03756 Farrell Heights, Samanthaton, IL 92504"
21,Valenzuela-Bennett,(487)948-4144,virginiaanderson@flores.com,"7135 Adam Junction Apt. 846, West Jared, OR 02353"
22,"Murray, Patel and Beck",220.546.6494x556,wilsonwilliam@bell-clarke.com,"4396 Lewis Isle Suite 698, East Brianport, HI 34779"
23,"Jones, Contreras and Jackson",723.210.6858x58863,michelle12@coffey.org,"405 Nicole Bypass Suite 936, Scottmouth, ND 76183"
24,Murray and Sons,+1-376-796-2117x261,ucruz@howe-brennan.info,"8588 Joshua Wall, West Matthewbury, FM 16887"
25,"Sanchez, Rodriguez and Rodriguez",545-545-6495,katherine88@bennett.biz,"9189 Gordon Course Apt. 520, West Jefferyville, GA 66652"
26,Williams-Terry,9456771798,sandrahoffman@miller-bailey.com,"66560 Shepard Keys, Smithport, SC 28694"
27,Lindsey-Buchanan,001-518-503-4700x460,joseph37@smith.net,"222 Collins Plains, Jamesfort, NH 86914"
28,Lewis PLC,8589631721,karen42@martin-young.com,"2666 Nguyen River, Amberburgh, VI 69014"
29,Oneill LLC,613.575.7315x93965,opatton@smith-cruz.com,"9495 Ashley Key, Ellisstad, WV 96374"
30,Sampson-Patel,932-829-0261,jonhancock@moran.com,"Unit 8253 Box 6991, DPO AA 57949"
31,"Martin, Reyes and Pacheco",+1-666-410-3685x64362,tallen@nichols-kelly.com,"423 Bradley Summit, North Jeanneville, NM 47713"
32,Miller-Raymond,992.290.3618,lbenitez@baxter.biz,"765 Kimberly Lake Suite 514, New Autumnbury, ID 37105"
33,Keith-Diaz,+1-688-548-3015x28451,schwartzmelissa@schmitt-payne.com,"87944 Leslie Station, Charlesmouth, LA 44245"
34,Gomez-Jones,230.825.1861,marshallkimberly@scott.com,"3600 Kline Lane, North Michele, MD 10075"
35,Woods-Mcdaniel,001-690-882-2867x55534,shortlynn@lee.info,"67254 Smith Forest, Rogersstad, NY 39466"
36,Hebert Group,(309)570-3896x84474,christie54@gibbs.biz,"460 Arroyo Mill, Owenbury, VA 48298"
37,Ortiz PLC,614.754.1849x37429,nelsonryan@edwards-smith.org,"100 Barton Meadows Apt. 785, North Wayne, AS 13038"
38,Brown Inc,+1-213-977-5932x093,sarahhernandez@hill.net,"736 Avila Wall Apt. 143, Gregtown, UT 63080"
39,Burgess-Mckay,(705)634-0333x561,mariacharles@nguyen-oconnor.com,"PSC 7405, Box 8215, APO AP 02486"
40,Mercado-Miller,641.432.5332,heidirichardson@sullivan-fritz.com,"139 Montgomery Points Suite 718, East Pamela, MD 42470"
41,Fisher LLC,6437950387,aguilarjames@burgess-oneal.com,"98957 Kyle Lights Suite 469, New Nancyville, OH 65664"
42,"Jackson, Williams and Lewis",2459445174,jesus84@davis.info,"60838 Diane Islands, Lake Carlos, UT 14283"
43,"Bennett, Manning and Richards",(875)723-6270x37326,cnguyen@frank.com,"566 Miller Pine Apt. 307, Lake Paulburgh, OK 22940"
44,Allison LLC,888-476-1592x9331,matthew99@perez.com,"513 Smith Common, Hardinton, NY 95518"
45,Jimenez LLC,614-718-6903x9670,michaelgreene@thomas.com,"1658 Hawkins Oval Apt. 012, Robinshire, AS 60634"
46,Delgado-Ali,001-523-547-0538,praymond@coleman.info,"52327 Ross Hills, North Johnnybury, TN 25725"
47,"Klein, Martinez and Crawford",(557)854-2692x638,dixonkaren@grant.biz,"06954 Carolyn Light, Lauraland, NC 21847"
48,Ellis-Armstrong,(920)929-1637,laurie26@williams-huynh.info,"7278 Todd Island Apt. 599, East Matthew, PW 05149"
49,Stanley-Payne,(879)668-7189x25213,ymack@frank.com,"9522 Goodman Street Apt. 221, Bankstown, VI 33826"
50,Jones Ltd,723.235.3808x81362,djones@short.org,"87625 Alvarez Loaf Apt. 345, Andersonside, CT 16617"
